season,total_composers,new_composers,repeat_composers,new_composers_p,repeat_composers_p,total_works,new_works,repeat_works,new_works_p,repeat_works_p,new_works_and_composers_p,season_year,decade_bin,decade
1842-43,16,16.0,0.0,1.0,0.0,29,29,0,1.0,0.0,0.5517241379310345,1842,"(1839, 1849]",1840
1843-44,15,6.0,9.0,0.4,0.6,21,17,4,0.8095238095238095,0.19047619047619047,0.35294117647058826,1843,"(1839, 1849]",1840
1844-45,15,5.0,10.0,0.3333333333333333,0.6666666666666666,26,20,6,0.7692307692307693,0.23076923076923078,0.25,1844,"(1839, 1849]",1840
1845-46,19,11.0,8.0,0.5789473684210527,0.42105263157894735,32,23,9,0.71875,0.28125,0.4782608695652174,1845,"(1839, 1849]",1840
1846-47,17,4.0,13.0,0.23529411764705882,0.7647058823529411,24,14,10,0.5833333333333334,0.4166666666666667,0.2857142857142857,1846,"(1839, 1849]",1840
1847-48,11,3.0,8.0,0.2727272727272727,0.7272727272727273,27,13,14,0.48148148148148145,0.5185185185185185,0.23076923076923078,1847,"(1839, 1849]",1840
1848-49,18,6.0,12.0,0.3333333333333333,0.6666666666666666,21,13,8,0.6190476190476191,0.38095238095238093,0.46153846153846156,1848,"(1839, 1849]",1840
1849-50,10,2.0,8.0,0.2,0.8,17,7,10,0.4117647058823529,0.5882352941176471,0.2857142857142857,1849,"(1839, 1849]",1840
1850-51,18,9.0,9.0,0.5,0.5,22,12,10,0.5454545454545454,0.45454545454545453,0.75,1850,"(1849, 1859]",1850
1851-52,16,2.0,14.0,0.125,0.875,27,13,14,0.48148148148148145,0.5185185185185185,0.15384615384615385,1851,"(1849, 1859]",1850
1852-53,22,8.0,14.0,0.36363636363636365,0.6363636363636364,29,18,11,0.6206896551724138,0.3793103448275862,0.4444444444444444,1852,"(1849, 1859]",1850
1853-54,21,5.0,16.0,0.23809523809523808,0.7619047619047619,28,18,10,0.6428571428571429,0.35714285714285715,0.2777777777777778,1853,"(1849, 1859]",1850
1854-55,22,4.0,18.0,0.18181818181818182,0.8181818181818182,33,20,13,0.6060606060606061,0.3939393939393939,0.2,1854,"(1849, 1859]",1850
1855-56,18,3.0,15.0,0.16666666666666666,0.8333333333333334,27,15,12,0.5555555555555556,0.4444444444444444,0.2,1855,"(1849, 1859]",1850
1856-57,22,7.0,15.0,0.3181818181818182,0.6818181818181818,30,16,14,0.5333333333333333,0.4666666666666667,0.4375,1856,"(1849, 1859]",1850
1857-58,19,3.0,16.0,0.15789473684210525,0.8421052631578947,27,12,15,0.4444444444444444,0.5555555555555556,0.25,1857,"(1849, 1859]",1850
1858-59,27,5.0,22.0,0.18518518518518517,0.8148148148148148,39,21,18,0.5384615384615384,0.46153846153846156,0.23809523809523808,1858,"(1849, 1859]",1850
1859-60,22,5.0,17.0,0.22727272727272727,0.7727272727272727,33,13,20,0.3939393939393939,0.6060606060606061,0.38461538461538464,1859,"(1849, 1859]",1850
1860-61,36,13.0,23.0,0.3611111111111111,0.6388888888888888,52,34,18,0.6538461538461539,0.34615384615384615,0.38235294117647056,1860,"(1859, 1869]",1860
1861-62,22,4.0,18.0,0.18181818181818182,0.8181818181818182,34,17,17,0.5,0.5,0.23529411764705882,1861,"(1859, 1869]",1860
1862-63,21,3.0,18.0,0.14285714285714285,0.8571428571428571,37,17,20,0.4594594594594595,0.5405405405405406,0.17647058823529413,1862,"(1859, 1869]",1860
1863-64,26,6.0,20.0,0.23076923076923078,0.7692307692307693,36,15,21,0.4166666666666667,0.5833333333333334,0.4,1863,"(1859, 1869]",1860
1864-65,17,4.0,13.0,0.23529411764705882,0.7647058823529411,29,9,20,0.3103448275862069,0.6896551724137931,0.4444444444444444,1864,"(1859, 1869]",1860
1865-66,17,3.0,14.0,0.17647058823529413,0.8235294117647058,29,11,18,0.3793103448275862,0.6206896551724138,0.2727272727272727,1865,"(1859, 1869]",1860
1866-67,15,2.0,13.0,0.13333333333333333,0.8666666666666667,35,10,25,0.2857142857142857,0.7142857142857143,0.2,1866,"(1859, 1869]",1860
1867-68,13,2.0,11.0,0.15384615384615385,0.8461538461538461,25,5,20,0.2,0.8,0.4,1867,"(1859, 1869]",1860
1868-69,18,3.0,15.0,0.16666666666666666,0.8333333333333334,31,12,19,0.3870967741935484,0.6129032258064516,0.25,1868,"(1859, 1869]",1860
1869-70,19,2.0,17.0,0.10526315789473684,0.8947368421052632,33,10,23,0.30303030303030304,0.696969696969697,0.2,1869,"(1859, 1869]",1860
1870-71,21,3.0,18.0,0.14285714285714285,0.8571428571428571,36,11,25,0.3055555555555556,0.6944444444444444,0.2727272727272727,1870,"(1869, 1879]",1870
1871-72,22,3.0,19.0,0.13636363636363635,0.8636363636363636,35,17,18,0.4857142857142857,0.5142857142857142,0.17647058823529413,1871,"(1869, 1879]",1870
1872-73,19,3.0,16.0,0.15789473684210525,0.8421052631578947,29,13,16,0.4482758620689655,0.5517241379310345,0.23076923076923078,1872,"(1869, 1879]",1870
1873-74,23,1.0,22.0,0.043478260869565216,0.9565217391304348,32,13,19,0.40625,0.59375,0.07692307692307693,1873,"(1869, 1879]",1870
1874-75,20,3.0,17.0,0.15,0.85,37,13,24,0.35135135135135137,0.6486486486486487,0.23076923076923078,1874,"(1869, 1879]",1870
1875-76,20,4.0,16.0,0.2,0.8,31,11,20,0.3548387096774194,0.6451612903225806,0.36363636363636365,1875,"(1869, 1879]",1870
1876-77,24,5.0,19.0,0.20833333333333334,0.7916666666666666,40,22,18,0.55,0.45,0.22727272727272727,1876,"(1869, 1879]",1870
1877-78,15,0.0,15.0,0.0,1.0,25,5,20,0.2,0.8,0.0,1877,"(1869, 1879]",1870
1878-79,40,12.0,28.0,0.3,0.7,91,50,41,0.5494505494505495,0.45054945054945056,0.24,1878,"(1869, 1879]",1870
1879-80,30,9.0,21.0,0.3,0.7,63,34,29,0.5396825396825397,0.4603174603174603,0.2647058823529412,1879,"(1869, 1879]",1870
1880-81,33,6.0,27.0,0.18181818181818182,0.8181818181818182,79,32,47,0.4050632911392405,0.5949367088607594,0.1875,1880,"(1879, 1889]",1880
1881-82,22,2.0,20.0,0.09090909090909091,0.9090909090909091,50,18,32,0.36,0.64,0.1111111111111111,1881,"(1879, 1889]",1880
1882-83,26,4.0,22.0,0.15384615384615385,0.8461538461538461,52,18,34,0.34615384615384615,0.6538461538461539,0.2222222222222222,1882,"(1879, 1889]",1880
1883-84,27,6.0,21.0,0.2222222222222222,0.7777777777777778,51,16,35,0.3137254901960784,0.6862745098039216,0.375,1883,"(1879, 1889]",1880
1884-85,29,5.0,24.0,0.1724137931034483,0.8275862068965517,60,26,34,0.43333333333333335,0.5666666666666667,0.19230769230769232,1884,"(1879, 1889]",1880
1885-86,30,4.0,26.0,0.13333333333333333,0.8666666666666667,56,20,36,0.35714285714285715,0.6428571428571429,0.2,1885,"(1879, 1889]",1880
1886-87,26,5.0,21.0,0.19230769230769232,0.8076923076923077,49,16,33,0.32653061224489793,0.673469387755102,0.3125,1886,"(1879, 1889]",1880
1887-88,29,2.0,27.0,0.06896551724137931,0.9310344827586207,62,18,44,0.2903225806451613,0.7096774193548387,0.1111111111111111,1887,"(1879, 1889]",1880
1888-89,29,1.0,28.0,0.034482758620689655,0.9655172413793104,75,28,47,0.37333333333333335,0.6266666666666667,0.03571428571428571,1888,"(1879, 1889]",1880
1889-90,32,2.0,30.0,0.0625,0.9375,63,21,42,0.3333333333333333,0.6666666666666666,0.09523809523809523,1889,"(1879, 1889]",1880
1890-91,35,9.0,26.0,0.2571428571428571,0.7428571428571429,72,28,44,0.3888888888888889,0.6111111111111112,0.32142857142857145,1890,"(1889, 1899]",1890
1891-92,32,3.0,29.0,0.09375,0.90625,82,25,57,0.3048780487804878,0.6951219512195121,0.12,1891,"(1889, 1899]",1890
1892-93,33,7.0,26.0,0.21212121212121213,0.7878787878787878,71,29,42,0.4084507042253521,0.5915492957746479,0.2413793103448276,1892,"(1889, 1899]",1890
1893-94,33,4.0,29.0,0.12121212121212122,0.8787878787878788,63,23,40,0.36507936507936506,0.6349206349206349,0.17391304347826086,1893,"(1889, 1899]",1890
1894-95,30,5.0,25.0,0.16666666666666666,0.8333333333333334,61,18,43,0.29508196721311475,0.7049180327868853,0.2777777777777778,1894,"(1889, 1899]",1890
1895-96,33,6.0,27.0,0.18181818181818182,0.8181818181818182,66,23,43,0.3484848484848485,0.6515151515151515,0.2608695652173913,1895,"(1889, 1899]",1890
1896-97,54,16.0,38.0,0.2962962962962963,0.7037037037037037,133,68,65,0.5112781954887218,0.48872180451127817,0.23529411764705882,1896,"(1889, 1899]",1890
1897-98,33,6.0,27.0,0.18181818181818182,0.8181818181818182,63,20,43,0.31746031746031744,0.6825396825396826,0.3,1897,"(1889, 1899]",1890
1898-99,36,5.0,31.0,0.1388888888888889,0.8611111111111112,75,29,46,0.38666666666666666,0.6133333333333333,0.1724137931034483,1898,"(1889, 1899]",1890
1899-00,41,7.0,34.0,0.17073170731707318,0.8292682926829268,84,36,48,0.42857142857142855,0.5714285714285714,0.19444444444444445,1899,"(1889, 1899]",1890
1900-01,116,44.0,72.0,0.3793103448275862,0.6206896551724138,347,197,150,0.5677233429394812,0.4322766570605187,0.2233502538071066,1900,"(1899, 1909]",1900
1901-02,27,3.0,24.0,0.1111111111111111,0.8888888888888888,45,13,32,0.28888888888888886,0.7111111111111111,0.23076923076923078,1901,"(1899, 1909]",1900
1902-03,37,4.0,33.0,0.10810810810810811,0.8918918918918919,78,29,49,0.3717948717948718,0.6282051282051282,0.13793103448275862,1902,"(1899, 1909]",1900
1903-04,56,8.0,48.0,0.14285714285714285,0.8571428571428571,145,47,98,0.32413793103448274,0.6758620689655173,0.1702127659574468,1903,"(1899, 1909]",1900
1904-05,67,13.0,54.0,0.19402985074626866,0.8059701492537313,175,59,116,0.33714285714285713,0.6628571428571428,0.22033898305084745,1904,"(1899, 1909]",1900
1905-06,64,11.0,53.0,0.171875,0.828125,163,59,104,0.3619631901840491,0.6380368098159509,0.1864406779661017,1905,"(1899, 1909]",1900
1906-07,56,5.0,51.0,0.08928571428571429,0.9107142857142857,140,51,89,0.36428571428571427,0.6357142857142857,0.09803921568627451,1906,"(1899, 1909]",1900
1907-08,46,10.0,36.0,0.21739130434782608,0.782608695652174,126,45,81,0.35714285714285715,0.6428571428571429,0.2222222222222222,1907,"(1899, 1909]",1900
1908-09,48,9.0,39.0,0.1875,0.8125,155,51,104,0.32903225806451614,0.6709677419354839,0.17647058823529413,1908,"(1899, 1909]",1900
1909-10,70,19.0,51.0,0.2714285714285714,0.7285714285714285,188,80,108,0.425531914893617,0.574468085106383,0.2375,1909,"(1899, 1909]",1900
1910-11,74,20.0,54.0,0.2702702702702703,0.7297297297297297,181,61,120,0.3370165745856354,0.6629834254143646,0.32786885245901637,1910,"(1909, 1919]",1910
1911-12,78,17.0,61.0,0.21794871794871795,0.782051282051282,198,74,124,0.37373737373737376,0.6262626262626263,0.22972972972972974,1911,"(1909, 1919]",1910
1912-13,91,28.0,63.0,0.3076923076923077,0.6923076923076923,233,88,145,0.3776824034334764,0.6223175965665236,0.3181818181818182,1912,"(1909, 1919]",1910
1913-14,115,28.0,87.0,0.24347826086956523,0.7565217391304347,319,128,191,0.4012539184952978,0.5987460815047022,0.21875,1913,"(1909, 1919]",1910
1914-15,108,26.0,82.0,0.24074074074074073,0.7592592592592593,291,102,189,0.35051546391752575,0.6494845360824743,0.2549019607843137,1914,"(1909, 1919]",1910
1915-16,139,40.0,99.0,0.28776978417266186,0.7122302158273381,341,133,208,0.39002932551319647,0.6099706744868035,0.3007518796992481,1915,"(1909, 1919]",1910
1916-17,108,13.0,95.0,0.12037037037037036,0.8796296296296297,296,97,199,0.3277027027027027,0.6722972972972973,0.13402061855670103,1916,"(1909, 1919]",1910
1917-18,112,23.0,89.0,0.20535714285714285,0.7946428571428571,265,85,180,0.32075471698113206,0.6792452830188679,0.27058823529411763,1917,"(1909, 1919]",1910
1918-19,112,23.0,89.0,0.20535714285714285,0.7946428571428571,282,78,204,0.2765957446808511,0.723404255319149,0.2948717948717949,1918,"(1909, 1919]",1910
1919-20,120,19.0,101.0,0.15833333333333333,0.8416666666666667,321,115,206,0.3582554517133956,0.6417445482866043,0.16521739130434782,1919,"(1909, 1919]",1910
1920-21,115,15.0,100.0,0.13043478260869565,0.8695652173913043,299,69,230,0.23076923076923078,0.7692307692307693,0.21739130434782608,1920,"(1919, 1929]",1920
1921-22,148,33.0,115.0,0.22297297297297297,0.777027027027027,387,131,256,0.3385012919896641,0.661498708010336,0.25190839694656486,1921,"(1919, 1929]",1920
1922-23,134,25.0,109.0,0.1865671641791045,0.8134328358208955,337,100,237,0.29673590504451036,0.7032640949554896,0.25,1922,"(1919, 1929]",1920
1923-24,130,20.0,110.0,0.15384615384615385,0.8461538461538461,359,96,263,0.26740947075208915,0.7325905292479109,0.20833333333333334,1923,"(1919, 1929]",1920
1924-25,152,23.0,129.0,0.1513157894736842,0.8486842105263158,396,130,266,0.3282828282828283,0.6717171717171717,0.17692307692307693,1924,"(1919, 1929]",1920
1925-26,128,20.0,108.0,0.15625,0.84375,361,97,264,0.26869806094182824,0.7313019390581718,0.20618556701030927,1925,"(1919, 1929]",1920
1926-27,151,22.0,129.0,0.1456953642384106,0.8543046357615894,383,103,280,0.2689295039164491,0.7310704960835509,0.21359223300970873,1926,"(1919, 1929]",1920
1927-28,148,33.0,115.0,0.22297297297297297,0.777027027027027,393,125,268,0.31806615776081426,0.6819338422391857,0.264,1927,"(1919, 1929]",1920
1928-29,124,14.0,110.0,0.11290322580645161,0.8870967741935484,302,74,228,0.24503311258278146,0.7549668874172185,0.1891891891891892,1928,"(1919, 1929]",1920
1929-30,134,18.0,116.0,0.13432835820895522,0.8656716417910447,319,83,236,0.2601880877742947,0.7398119122257053,0.21686746987951808,1929,"(1919, 1929]",1920
1930-31,122,15.0,107.0,0.12295081967213115,0.8770491803278688,327,101,226,0.308868501529052,0.691131498470948,0.1485148514851485,1930,"(1929, 1939]",1930
1931-32,122,10.0,112.0,0.08196721311475409,0.9180327868852459,369,106,263,0.2872628726287263,0.7127371273712737,0.09433962264150944,1931,"(1929, 1939]",1930
1932-33,133,26.0,107.0,0.19548872180451127,0.8045112781954887,376,104,272,0.2765957446808511,0.723404255319149,0.25,1932,"(1929, 1939]",1930
1933-34,106,9.0,97.0,0.08490566037735849,0.9150943396226415,285,67,218,0.23508771929824562,0.7649122807017544,0.13432835820895522,1933,"(1929, 1939]",1930
1934-35,108,12.0,96.0,0.1111111111111111,0.8888888888888888,273,78,195,0.2857142857142857,0.7142857142857143,0.15384615384615385,1934,"(1929, 1939]",1930
1935-36,139,30.0,109.0,0.2158273381294964,0.7841726618705036,341,96,245,0.28152492668621704,0.718475073313783,0.3125,1935,"(1929, 1939]",1930
1936-37,154,24.0,130.0,0.15584415584415584,0.8441558441558441,392,142,250,0.3622448979591837,0.6377551020408163,0.16901408450704225,1936,"(1929, 1939]",1930
1937-38,167,36.0,131.0,0.2155688622754491,0.7844311377245509,420,133,287,0.31666666666666665,0.6833333333333333,0.2706766917293233,1937,"(1929, 1939]",1930
1938-39,175,33.0,142.0,0.18857142857142858,0.8114285714285714,435,136,299,0.31264367816091954,0.6873563218390805,0.2426470588235294,1938,"(1929, 1939]",1930
1939-40,156,19.0,137.0,0.12179487179487179,0.8782051282051282,392,108,284,0.2755102040816326,0.7244897959183674,0.17592592592592593,1939,"(1929, 1939]",1930
1940-41,174,28.0,146.0,0.16091954022988506,0.8390804597701149,450,135,315,0.3,0.7,0.2074074074074074,1940,"(1939, 1949]",1940
1941-42,150,25.0,125.0,0.16666666666666666,0.8333333333333334,385,119,266,0.3090909090909091,0.6909090909090909,0.21008403361344538,1941,"(1939, 1949]",1940
1942-43,173,39.0,134.0,0.2254335260115607,0.7745664739884393,404,145,259,0.3589108910891089,0.6410891089108911,0.2689655172413793,1942,"(1939, 1949]",1940
1943-44,154,24.0,130.0,0.15584415584415584,0.8441558441558441,381,103,278,0.27034120734908135,0.7296587926509186,0.23300970873786409,1943,"(1939, 1949]",1940
1944-45,176,37.0,139.0,0.21022727272727273,0.7897727272727273,454,161,293,0.35462555066079293,0.6453744493392071,0.22981366459627328,1944,"(1939, 1949]",1940
1945-46,267,79.0,188.0,0.2958801498127341,0.704119850187266,713,323,390,0.453015427769986,0.5469845722300141,0.24458204334365324,1945,"(1939, 1949]",1940
1946-47,188,32.0,156.0,0.1702127659574468,0.8297872340425532,437,149,288,0.34096109839816935,0.6590389016018307,0.21476510067114093,1946,"(1939, 1949]",1940
1947-48,132,9.0,123.0,0.06818181818181818,0.9318181818181818,356,83,273,0.23314606741573032,0.7668539325842697,0.10843373493975904,1947,"(1939, 1949]",1940
1948-49,163,24.0,139.0,0.147239263803681,0.852760736196319,408,105,303,0.25735294117647056,0.7426470588235294,0.22857142857142856,1948,"(1939, 1949]",1940
1949-50,175,20.0,155.0,0.11428571428571428,0.8857142857142857,408,98,310,0.24019607843137256,0.7598039215686274,0.20408163265306123,1949,"(1939, 1949]",1940
1950-51,134,5.0,129.0,0.03731343283582089,0.9626865671641791,345,50,295,0.14492753623188406,0.855072463768116,0.1,1950,"(1949, 1959]",1950
1951-52,139,14.0,125.0,0.10071942446043165,0.8992805755395683,346,80,266,0.23121387283236994,0.7687861271676301,0.175,1951,"(1949, 1959]",1950
1952-53,156,16.0,140.0,0.10256410256410256,0.8974358974358975,396,92,304,0.23232323232323232,0.7676767676767676,0.17391304347826086,1952,"(1949, 1959]",1950
1953-54,152,16.0,136.0,0.10526315789473684,0.8947368421052632,374,80,294,0.21390374331550802,0.786096256684492,0.2,1953,"(1949, 1959]",1950
1954-55,155,24.0,131.0,0.15483870967741936,0.8451612903225807,339,81,258,0.23893805309734514,0.7610619469026548,0.2962962962962963,1954,"(1949, 1959]",1950
1955-56,146,29.0,117.0,0.19863013698630136,0.8013698630136986,404,112,292,0.27722772277227725,0.7227722772277227,0.25892857142857145,1955,"(1949, 1959]",1950
1956-57,163,28.0,135.0,0.17177914110429449,0.8282208588957055,394,109,285,0.2766497461928934,0.7233502538071066,0.25688073394495414,1956,"(1949, 1959]",1950
1957-58,139,21.0,118.0,0.1510791366906475,0.8489208633093526,384,121,263,0.3151041666666667,0.6848958333333334,0.17355371900826447,1957,"(1949, 1959]",1950
1958-59,139,21.0,118.0,0.1510791366906475,0.8489208633093526,319,88,231,0.27586206896551724,0.7241379310344828,0.23863636363636365,1958,"(1949, 1959]",1950
1959-60,139,17.0,122.0,0.1223021582733813,0.8776978417266187,353,85,268,0.24079320113314448,0.7592067988668555,0.2,1959,"(1949, 1959]",1950
1960-61,134,12.0,122.0,0.08955223880597014,0.9104477611940298,325,67,258,0.20615384615384616,0.7938461538461539,0.1791044776119403,1960,"(1959, 1969]",1960
1961-62,109,9.0,100.0,0.08256880733944955,0.9174311926605505,290,66,224,0.22758620689655173,0.7724137931034483,0.13636363636363635,1961,"(1959, 1969]",1960
1962-63,120,8.0,112.0,0.06666666666666667,0.9333333333333333,332,65,267,0.19578313253012047,0.8042168674698795,0.12307692307692308,1962,"(1959, 1969]",1960
1963-64,113,12.0,101.0,0.10619469026548672,0.8938053097345132,282,53,229,0.1879432624113475,0.8120567375886525,0.22641509433962265,1963,"(1959, 1969]",1960
1964-65,107,5.0,102.0,0.04672897196261682,0.9532710280373832,275,68,207,0.24727272727272728,0.7527272727272727,0.07352941176470588,1964,"(1959, 1969]",1960
1965-66,105,6.0,99.0,0.05714285714285714,0.9428571428571428,272,74,198,0.27205882352941174,0.7279411764705882,0.08108108108108109,1965,"(1959, 1969]",1960
1966-67,108,15.0,93.0,0.1388888888888889,0.8611111111111112,226,58,168,0.25663716814159293,0.7433628318584071,0.25862068965517243,1966,"(1959, 1969]",1960
1967-68,102,5.0,97.0,0.049019607843137254,0.9509803921568627,229,46,183,0.20087336244541484,0.7991266375545851,0.10869565217391304,1967,"(1959, 1969]",1960
1968-69,101,8.0,93.0,0.07920792079207921,0.9207920792079208,210,47,163,0.22380952380952382,0.7761904761904762,0.1702127659574468,1968,"(1959, 1969]",1960
1969-70,90,6.0,84.0,0.06666666666666667,0.9333333333333333,215,44,171,0.20465116279069767,0.7953488372093023,0.13636363636363635,1969,"(1959, 1969]",1960
1970-71,85,5.0,80.0,0.058823529411764705,0.9411764705882353,210,37,173,0.1761904761904762,0.8238095238095238,0.13513513513513514,1970,"(1969, 1979]",1970
1971-72,100,18.0,82.0,0.18,0.82,253,69,184,0.2727272727272727,0.7272727272727273,0.2608695652173913,1971,"(1969, 1979]",1970
1972-73,90,8.0,82.0,0.08888888888888889,0.9111111111111111,249,68,181,0.27309236947791166,0.7269076305220884,0.11764705882352941,1972,"(1969, 1979]",1970
1973-74,85,6.0,79.0,0.07058823529411765,0.9294117647058824,212,47,165,0.22169811320754718,0.7783018867924528,0.1276595744680851,1973,"(1969, 1979]",1970
1974-75,104,9.0,95.0,0.08653846153846154,0.9134615384615384,277,74,203,0.26714801444043323,0.7328519855595668,0.12162162162162163,1974,"(1969, 1979]",1970
1975-76,99,11.0,88.0,0.1111111111111111,0.8888888888888888,201,41,160,0.20398009950248755,0.7960199004975125,0.2682926829268293,1975,"(1969, 1979]",1970
1976-77,129,31.0,98.0,0.24031007751937986,0.7596899224806202,281,82,199,0.2918149466192171,0.708185053380783,0.3780487804878049,1976,"(1969, 1979]",1970
1977-78,132,28.0,104.0,0.21212121212121213,0.7878787878787878,285,75,210,0.2631578947368421,0.7368421052631579,0.37333333333333335,1977,"(1969, 1979]",1970
1978-79,81,3.0,78.0,0.037037037037037035,0.9629629629629629,243,46,197,0.18930041152263374,0.8106995884773662,0.06521739130434782,1978,"(1969, 1979]",1970
1979-80,85,6.0,79.0,0.07058823529411765,0.9294117647058824,197,24,173,0.1218274111675127,0.8781725888324873,0.25,1979,"(1969, 1979]",1970
1980-81,74,7.0,67.0,0.0945945945945946,0.9054054054054054,176,29,147,0.16477272727272727,0.8352272727272727,0.2413793103448276,1980,"(1979, 1989]",1980
1981-82,83,5.0,78.0,0.060240963855421686,0.9397590361445783,209,32,177,0.15311004784688995,0.84688995215311,0.15625,1981,"(1979, 1989]",1980
1982-83,105,18.0,87.0,0.17142857142857143,0.8285714285714286,214,52,162,0.24299065420560748,0.7570093457943925,0.34615384615384615,1982,"(1979, 1989]",1980
1983-84,108,28.0,80.0,0.25925925925925924,0.7407407407407407,216,78,138,0.3611111111111111,0.6388888888888888,0.358974358974359,1983,"(1979, 1989]",1980
1984-85,86,7.0,79.0,0.08139534883720931,0.9186046511627907,221,46,175,0.2081447963800905,0.7918552036199095,0.15217391304347827,1984,"(1979, 1989]",1980
1985-86,111,21.0,90.0,0.1891891891891892,0.8108108108108109,242,94,148,0.3884297520661157,0.6115702479338843,0.22340425531914893,1985,"(1979, 1989]",1980
1986-87,97,13.0,84.0,0.13402061855670103,0.865979381443299,224,63,161,0.28125,0.71875,0.20634920634920634,1986,"(1979, 1989]",1980
1987-88,98,7.0,91.0,0.07142857142857142,0.9285714285714286,208,50,158,0.2403846153846154,0.7596153846153846,0.14,1987,"(1979, 1989]",1980
1988-89,78,7.0,71.0,0.08974358974358974,0.9102564102564102,204,43,161,0.2107843137254902,0.7892156862745098,0.16279069767441862,1988,"(1979, 1989]",1980
1989-90,83,10.0,73.0,0.12048192771084337,0.8795180722891566,187,50,137,0.26737967914438504,0.732620320855615,0.2,1989,"(1979, 1989]",1980
1990-91,86,7.0,79.0,0.08139534883720931,0.9186046511627907,265,64,201,0.24150943396226415,0.7584905660377359,0.109375,1990,"(1989, 1999]",1990
1991-92,68,3.0,65.0,0.04411764705882353,0.9558823529411765,177,44,133,0.24858757062146894,0.751412429378531,0.06818181818181818,1991,"(1989, 1999]",1990
1992-93,98,9.0,89.0,0.09183673469387756,0.9081632653061225,195,47,148,0.24102564102564103,0.7589743589743589,0.19148936170212766,1992,"(1989, 1999]",1990
1993-94,108,16.0,92.0,0.14814814814814814,0.8518518518518519,199,75,124,0.3768844221105528,0.6231155778894473,0.21333333333333335,1993,"(1989, 1999]",1990
1994-95,89,13.0,76.0,0.14606741573033707,0.8539325842696629,204,58,146,0.28431372549019607,0.7156862745098039,0.22413793103448276,1994,"(1989, 1999]",1990
1995-96,113,23.0,90.0,0.20353982300884957,0.7964601769911505,253,103,150,0.40711462450592883,0.5928853754940712,0.22330097087378642,1995,"(1989, 1999]",1990
1996-97,124,21.0,103.0,0.1693548387096774,0.8306451612903226,265,102,163,0.3849056603773585,0.6150943396226415,0.20588235294117646,1996,"(1989, 1999]",1990
1997-98,137,26.0,111.0,0.1897810218978102,0.8102189781021898,303,127,176,0.41914191419141916,0.5808580858085809,0.2047244094488189,1997,"(1989, 1999]",1990
1998-99,109,11.0,98.0,0.10091743119266056,0.8990825688073395,255,84,171,0.32941176470588235,0.6705882352941176,0.13095238095238096,1998,"(1989, 1999]",1990
1999-00,112,32.0,80.0,0.2857142857142857,0.7142857142857143,265,126,139,0.47547169811320755,0.5245283018867924,0.25396825396825395,1999,"(1989, 1999]",1990
2000-01,84,7.0,77.0,0.08333333333333333,0.9166666666666666,188,53,135,0.28191489361702127,0.7180851063829787,0.1320754716981132,2000,"(1999, 2009]",2000
2001-02,115,14.0,101.0,0.12173913043478261,0.8782608695652174,248,57,191,0.22983870967741934,0.7701612903225806,0.24561403508771928,2001,"(1999, 2009]",2000
2002-03,130,19.0,111.0,0.14615384615384616,0.8538461538461538,293,94,199,0.32081911262798635,0.6791808873720137,0.20212765957446807,2002,"(1999, 2009]",2000
2003-04,146,13.0,133.0,0.08904109589041095,0.910958904109589,347,102,245,0.29394812680115273,0.7060518731988472,0.12745098039215685,2003,"(1999, 2009]",2000
2004-05,124,20.0,104.0,0.16129032258064516,0.8387096774193549,266,91,175,0.34210526315789475,0.6578947368421053,0.21978021978021978,2004,"(1999, 2009]",2000
2005-06,144,38.0,106.0,0.2638888888888889,0.7361111111111112,330,101,229,0.30606060606060603,0.693939393939394,0.37623762376237624,2005,"(1999, 2009]",2000
2006-07,164,27.0,137.0,0.16463414634146342,0.8353658536585366,383,134,249,0.34986945169712796,0.6501305483028721,0.20149253731343283,2006,"(1999, 2009]",2000
2007-08,152,41.0,111.0,0.26973684210526316,0.7302631578947368,359,152,207,0.4233983286908078,0.5766016713091922,0.26973684210526316,2007,"(1999, 2009]",2000
2008-09,146,29.0,117.0,0.19863013698630136,0.8013698630136986,323,106,217,0.3281733746130031,0.6718266253869969,0.27358490566037735,2008,"(1999, 2009]",2000
2009-10,178,42.0,136.0,0.23595505617977527,0.7640449438202247,420,145,275,0.34523809523809523,0.6547619047619048,0.2896551724137931,2009,"(1999, 2009]",2000
2010-11,177,50.0,127.0,0.2824858757062147,0.7175141242937854,364,152,212,0.4175824175824176,0.5824175824175825,0.32894736842105265,2010,"(2009, 2019]",2010
2011-12,181,46.0,135.0,0.2541436464088398,0.7458563535911602,384,154,230,0.4010416666666667,0.5989583333333334,0.2987012987012987,2011,"(2009, 2019]",2010
2012-13,191,56.0,135.0,0.2931937172774869,0.7068062827225131,397,163,234,0.4105793450881612,0.5894206549118388,0.34355828220858897,2012,"(2009, 2019]",2010
2013-14,250,90.0,160.0,0.36,0.64,462,263,199,0.5692640692640693,0.43073593073593075,0.34220532319391633,2013,"(2009, 2019]",2010
2014-15,189,49.0,140.0,0.25925925925925924,0.7407407407407407,391,168,223,0.4296675191815857,0.5703324808184144,0.2916666666666667,2014,"(2009, 2019]",2010
2015-16,313,138.0,175.0,0.44089456869009586,0.5591054313099042,538,320,218,0.5947955390334573,0.4052044609665427,0.43125,2015,"(2009, 2019]",2010
2016-17,169,39.0,130.0,0.23076923076923078,0.7692307692307693,334,134,200,0.40119760479041916,0.5988023952095808,0.291044776119403,2016,"(2009, 2019]",2010
2017-18,140,30.0,110.0,0.21428571428571427,0.7857142857142857,318,132,186,0.41509433962264153,0.5849056603773585,0.22727272727272727,2017,"(2009, 2019]",2010
2018-19,190,37.0,153.0,0.19473684210526315,0.8052631578947368,407,181,226,0.44471744471744473,0.5552825552825553,0.20441988950276244,2018,"(2009, 2019]",2010
2019-20,130,33.0,97.0,0.25384615384615383,0.7461538461538462,244,106,138,0.4344262295081967,0.5655737704918032,0.3113207547169811,2019,"(2009, 2019]",2010
2020-21,109,27.0,82.0,0.24770642201834864,0.7522935779816514,177,93,84,0.5254237288135594,0.4745762711864407,0.2903225806451613,2020,"(2019, 2029]",2020
2021-22,162,49.0,113.0,0.30246913580246915,0.6975308641975309,275,146,129,0.5309090909090909,0.4690909090909091,0.3356164383561644,2021,"(2019, 2029]",2020
2022-23,209,67.0,142.0,0.32057416267942584,0.6794258373205742,389,190,199,0.4884318766066838,0.5115681233933161,0.3526315789473684,2022,"(2019, 2029]",2020
2023-24,173,46.0,127.0,0.2658959537572254,0.7341040462427746,360,157,203,0.4361111111111111,0.5638888888888889,0.2929936305732484,2023,"(2019, 2029]",2020
